fecha,precio_urea_usd_kg,precio_fungicida_usd_l,precio_gasoil_usd_l,precio_limon_exportacion_usd_t,precio_limon_industria_usd_t
2010-01-04,0.61,16.55,1.07,488.06,47.75
2010-01-11,0.57,16.18,1.09,367.91,58.81
2010-01-18,0.53,17.02,1.07,427.66,51.45
2010-01-25,0.55,15.43,1.09,444.1,25.12
2010-02-01,0.54,15.26,0.97,412.19,61.31
2010-02-08,0.6,16.89,1.02,482.62,54.49
2010-02-15,0.52,15.13,0.96,451.34,61.9
2010-02-22,0.55,16.02,1.0,493.66,44.19
2010-03-01,0.58,15.32,1.01,412.85,53.98
2010-03-08,0.59,17.15,1.1,494.39,46.76
2010-03-15,0.54,15.59,1.12,427.37,70.72
2010-03-22,0.59,18.73,1.03,505.23,87.38
2010-03-29,0.53,14.69,0.96,506.47,37.4
2010-04-05,0.54,17.06,1.06,495.92,62.67
2010-04-12,0.6,15.39,1.02,448.66,69.96
2010-04-19,0.59,17.09,1.11,432.8,80.01
2010-04-26,0.61,17.43,1.14,413.72,53.71
2010-05-03,0.52,17.42,1.0,510.05,76.45
2010-05-10,0.58,16.89,1.0,445.34,75.0
2010-05-17,0.58,16.51,1.03,397.36,47.15
2010-05-24,0.63,15.02,1.06,517.58,44.94
2010-05-31,0.56,17.69,1.05,590.63,39.98
2010-06-07,0.59,16.35,1.09,491.91,51.2
2010-06-14,0.56,14.33,1.08,484.3,67.66
2010-06-21,0.59,17.01,1.06,435.02,51.45
2010-06-28,0.6,18.3,1.04,469.79,49.14
2010-07-05,0.6,17.38,1.15,430.33,55.46
2010-07-12,0.56,17.36,1.04,427.9,70.58
2010-07-19,0.58,15.48,1.12,506.86,61.61
2010-07-26,0.56,17.25,1.01,458.38,34.17
2010-08-02,0.59,14.7,1.13,441.03,57.46
2010-08-09,0.53,16.24,1.13,351.74,75.32
2010-08-16,0.57,15.14,1.0,515.3,48.65
2010-08-23,0.51,17.97,1.07,407.75,62.6
2010-08-30,0.51,17.93,1.11,463.61,64.34
2010-09-06,0.62,16.6,1.0,457.46,85.03
2010-09-13,0.51,16.17,1.08,434.57,48.21
2010-09-20,0.6,19.41,1.07,397.94,41.41
2010-09-27,0.56,17.94,1.08,431.55,52.93
2010-10-04,0.51,17.62,1.1,367.54,79.08
2010-10-11,0.58,18.31,0.99,372.66,58.21
2010-10-18,0.57,18.79,1.09,415.74,47.68
2010-10-25,0.6,15.45,1.14,412.48,79.09
2010-11-01,0.58,16.46,1.03,408.88,65.14
2010-11-08,0.56,15.91,1.05,424.6,34.46
2010-11-15,0.57,15.44,1.0,353.18,38.47
2010-11-22,0.5,15.77,1.16,399.15,62.13
2010-11-29,0.57,16.79,1.05,372.19,77.41
2010-12-06,0.63,14.6,1.01,408.92,48.43
2010-12-13,0.58,15.76,1.17,468.15,62.55
2010-12-20,0.6,17.98,1.03,388.58,60.94
2010-12-27,0.59,16.81,0.98,390.11,59.11
2011-01-03,0.55,19.04,0.99,443.72,77.87
2011-01-10,0.65,16.16,1.08,447.82,62.35
2011-01-17,0.55,17.18,0.93,454.1,61.51
2011-01-24,0.55,19.14,1.03,412.71,83.9
2011-01-31,0.52,15.99,1.05,464.69,62.49
2011-02-07,0.5,16.02,1.03,430.39,65.11
2011-02-14,0.57,14.51,1.11,446.16,76.61
2011-02-21,0.57,18.0,1.08,492.63,66.27
2011-02-28,0.55,19.43,1.11,464.57,44.68
2011-03-07,0.5,17.03,1.07,419.97,61.69
2011-03-14,0.62,17.52,1.0,443.05,50.34
2011-03-21,0.54,16.18,1.04,400.3,58.47
2011-03-28,0.53,13.13,1.17,497.05,55.48
2011-04-04,0.56,15.26,1.15,532.35,61.88
2011-04-11,0.6,16.9,0.99,442.87,61.58
2011-04-18,0.54,16.43,1.06,458.91,60.63
2011-04-25,0.51,15.82,1.0,503.94,34.73
2011-05-02,0.6,18.38,1.05,363.23,55.66
2011-05-09,0.55,15.47,1.04,530.92,67.98
2011-05-16,0.52,14.76,1.05,463.33,65.95
2011-05-23,0.54,17.33,1.16,506.43,59.42
2011-05-30,0.55,16.28,1.12,450.42,60.54
2011-06-06,0.56,16.1,0.99,489.88,59.27
2011-06-13,0.58,16.07,1.13,443.07,80.54
2011-06-20,0.49,17.25,1.09,447.22,65.09
2011-06-27,0.61,14.02,1.09,379.91,48.41
2011-07-04,0.62,16.02,1.0,472.04,84.81
2011-07-11,0.48,15.45,1.14,554.28,58.76
2011-07-18,0.51,19.28,1.15,506.84,50.25
2011-07-25,0.56,16.54,1.08,537.14,70.55
2011-08-01,0.51,18.41,1.08,505.7,77.6
2011-08-08,0.51,16.69,1.04,414.35,64.16
2011-08-15,0.66,14.5,1.06,501.26,61.48
2011-08-22,0.55,15.16,1.08,443.68,33.72
2011-08-29,0.61,17.91,1.07,481.19,72.89
2011-09-05,0.57,17.85,1.05,522.37,63.85
2011-09-12,0.57,15.2,1.08,434.27,52.34
2011-09-19,0.53,15.46,1.17,518.28,83.04
2011-09-26,0.51,16.84,1.0,434.54,48.98
2011-10-03,0.61,16.28,1.12,483.74,87.64
2011-10-10,0.5,18.3,1.12,417.75,72.09
2011-10-17,0.57,16.49,1.03,424.97,84.6
2011-10-24,0.56,17.72,1.03,419.55,72.98
2011-10-31,0.5,16.27,1.07,452.2,57.85
2011-11-07,0.58,17.62,1.1,405.34,56.59
2011-11-14,0.61,17.87,1.0,455.91,36.26
2011-11-21,0.56,19.1,1.02,405.63,69.17
2011-11-28,0.5,16.01,1.1,410.9,57.17
2011-12-05,0.59,17.3,1.08,420.11,64.44
2011-12-12,0.55,17.35,1.04,423.95,48.12
2011-12-19,0.56,15.8,1.01,439.35,62.55
2011-12-26,0.59,16.27,1.09,449.0,65.34
2012-01-02,0.53,16.98,1.09,425.45,34.96
2012-01-09,0.57,19.5,1.05,394.49,64.48
2012-01-16,0.57,18.26,1.01,451.57,67.09
2012-01-23,0.55,17.22,1.12,456.19,46.28
2012-01-30,0.59,16.73,1.07,423.5,58.2
2012-02-06,0.61,16.71,1.01,404.4,62.14
2012-02-13,0.61,17.55,1.03,519.41,63.18
2012-02-20,0.61,16.63,1.1,453.74,74.62
2012-02-27,0.6,17.89,1.05,397.75,63.99
2012-03-05,0.6,16.55,1.12,479.48,49.0
2012-03-12,0.53,16.65,1.09,401.44,76.23
2012-03-19,0.58,16.88,1.0,371.1,63.37
2012-03-26,0.47,18.07,1.06,555.04,87.69
2012-04-02,0.55,16.7,1.12,495.27,40.34
2012-04-09,0.49,16.08,1.1,449.07,72.84
2012-04-16,0.51,14.0,1.12,398.33,35.78
2012-04-23,0.57,17.81,1.07,415.59,58.09
2012-04-30,0.55,15.19,1.04,457.36,63.86
2012-05-07,0.57,15.63,1.06,352.17,62.14
2012-05-14,0.62,15.05,1.04,455.27,75.03
2012-05-21,0.54,16.01,0.97,449.17,84.5
2012-05-28,0.57,16.83,1.09,447.57,50.24
2012-06-04,0.6,17.14,1.07,411.99,75.64
2012-06-11,0.59,16.19,1.12,434.09,50.62
2012-06-18,0.53,14.69,1.1,383.7,45.26
2012-06-25,0.48,16.76,1.07,446.76,47.49
2012-07-02,0.51,17.44,1.05,475.26,49.38
2012-07-09,0.57,18.47,1.1,448.76,63.09
2012-07-16,0.55,16.89,1.06,461.19,62.55
2012-07-23,0.52,15.63,1.0,406.08,45.39
2012-07-30,0.57,15.79,1.1,473.6,36.38
2012-08-06,0.59,17.88,1.02,490.92,49.72
2012-08-13,0.57,15.34,0.98,460.46,58.52
2012-08-20,0.55,15.44,1.05,487.95,59.46
2012-08-27,0.57,16.07,1.14,431.26,65.85
2012-09-03,0.61,17.49,1.06,458.03,72.43
2012-09-10,0.51,15.71,1.06,529.22,64.56
2012-09-17,0.52,16.52,1.04,451.59,71.75
2012-09-24,0.51,18.88,1.12,523.58,54.44
2012-10-01,0.56,15.15,1.05,499.35,75.55
2012-10-08,0.52,16.46,1.07,423.14,67.1
2012-10-15,0.53,16.67,1.05,446.47,59.92
2012-10-22,0.56,16.46,1.04,489.62,79.84
2012-10-29,0.57,18.15,1.01,481.68,46.83
2012-11-05,0.5,16.01,1.14,511.65,62.92
2012-11-12,0.5,16.68,1.09,478.71,37.87
2012-11-19,0.53,16.85,1.1,381.66,58.05
2012-11-26,0.57,17.98,1.11,490.44,50.4
2012-12-03,0.49,16.45,1.13,520.33,68.53
2012-12-10,0.58,17.41,1.05,456.7,80.03
2012-12-17,0.53,18.93,1.06,512.11,43.12
2012-12-24,0.59,16.04,1.01,464.94,72.11
2012-12-31,0.53,15.1,1.07,449.74,66.58
2013-01-07,0.6,16.88,1.17,459.21,55.84
2013-01-14,0.5,16.63,1.06,485.65,65.55
2013-01-21,0.52,17.17,1.11,505.4,70.65
2013-01-28,0.6,17.03,1.1,491.34,44.01
2013-02-04,0.55,16.01,1.1,487.75,52.84
2013-02-11,0.47,16.45,1.13,457.33,65.14
2013-02-18,0.55,15.39,1.11,399.89,86.21
2013-02-25,0.59,16.25,1.05,427.14,57.13
2013-03-04,0.61,17.2,1.04,504.26,60.59
2013-03-11,0.6,16.22,1.1,439.09,37.32
2013-03-18,0.65,18.57,1.06,380.79,64.17
2013-03-25,0.57,17.42,1.09,443.62,77.37
2013-04-01,0.59,15.69,1.15,487.75,97.82
2013-04-08,0.52,17.29,0.97,443.28,53.42
2013-04-15,0.65,16.03,0.99,401.63,36.29
2013-04-22,0.6,14.44,1.08,336.98,56.16
2013-04-29,0.63,17.44,1.04,418.76,60.22
2013-05-06,0.59,15.31,1.11,312.04,52.44
2013-05-13,0.55,17.78,1.08,364.51,48.18
2013-05-20,0.57,16.91,1.05,402.3,68.35
2013-05-27,0.55,16.9,1.19,365.68,37.78
2013-06-03,0.6,16.17,1.07,392.74,56.88
2013-06-10,0.63,18.0,1.13,368.96,46.19
2013-06-17,0.45,16.01,1.13,448.15,57.34
2013-06-24,0.57,16.17,1.09,460.2,40.61
2013-07-01,0.58,18.17,1.06,459.88,93.78
2013-07-08,0.56,17.51,1.05,441.58,65.52
2013-07-15,0.58,15.76,1.09,495.45,65.38
2013-07-22,0.61,16.74,1.12,450.9,48.59
2013-07-29,0.58,15.8,1.05,450.16,63.57
2013-08-05,0.52,18.34,1.11,417.34,41.55
2013-08-12,0.56,16.49,1.09,433.99,35.91
2013-08-19,0.55,16.66,1.12,423.58,80.14
2013-08-26,0.49,18.67,1.07,488.88,60.96
2013-09-02,0.62,16.57,1.03,514.26,58.64
2013-09-09,0.58,18.58,1.03,484.12,52.92
2013-09-16,0.56,17.14,1.01,431.91,76.21
2013-09-23,0.61,16.98,1.1,453.92,76.28
2013-09-30,0.56,17.35,1.14,437.07,78.71
2013-10-07,0.51,19.08,1.07,460.75,37.32
2013-10-14,0.55,15.77,1.05,467.05,71.49
2013-10-21,0.58,17.45,1.03,439.18,81.58
2013-10-28,0.54,19.13,1.07,476.12,72.84
2013-11-04,0.62,16.93,1.07,475.15,64.06
2013-11-11,0.61,17.08,1.12,544.01,64.58
2013-11-18,0.58,15.19,0.95,494.81,58.86
2013-11-25,0.55,17.38,1.08,524.89,61.03
2013-12-02,0.54,18.31,1.08,501.06,54.27
2013-12-09,0.54,17.19,1.09,499.1,56.78
2013-12-16,0.49,16.55,1.13,467.62,57.04
2013-12-23,0.61,16.21,1.01,472.41,54.19
2013-12-30,0.53,16.88,1.11,477.49,63.68
2014-01-06,0.65,16.67,1.1,456.25,49.84
2014-01-13,0.55,16.51,1.11,569.06,51.41
2014-01-20,0.55,17.03,1.11,483.88,75.41
2014-01-27,0.47,14.14,1.06,515.23,41.21
2014-02-03,0.45,17.82,1.1,425.51,48.17
2014-02-10,0.53,17.25,1.06,486.48,25.74
2014-02-17,0.53,15.71,1.08,442.63,69.57
2014-02-24,0.49,17.17,1.12,535.7,54.22
2014-03-03,0.58,14.87,0.97,492.4,59.93
2014-03-10,0.62,15.41,1.12,530.45,65.04
2014-03-17,0.58,17.14,1.01,506.95,52.67
2014-03-24,0.59,15.18,1.03,507.14,55.83
2014-03-31,0.63,17.03,0.99,482.42,52.92
2014-04-07,0.6,17.17,1.01,450.35,86.35
2014-04-14,0.59,17.07,1.15,449.31,62.51
2014-04-21,0.53,17.43,1.14,404.63,77.09
2014-04-28,0.57,16.04,1.14,423.91,69.11
2014-05-05,0.56,17.07,1.12,444.48,36.05
2014-05-12,0.53,18.31,1.08,409.52,43.7
2014-05-19,0.53,14.63,1.09,404.36,48.4
2014-05-26,0.57,17.61,1.2,365.86,73.91
2014-06-02,0.61,16.19,1.1,406.31,62.23
2014-06-09,0.63,17.92,1.12,405.93,42.19
2014-06-16,0.56,18.67,1.01,379.74,61.52
2014-06-23,0.53,16.18,1.07,366.4,48.31
2014-06-30,0.6,15.54,1.01,395.19,68.78
2014-07-07,0.56,16.59,1.1,350.23,65.94
2014-07-14,0.59,16.66,1.15,374.92,73.53
2014-07-21,0.58,16.76,1.09,415.99,74.64
2014-07-28,0.53,16.23,1.15,397.02,70.81
2014-08-04,0.64,16.68,1.13,375.55,69.06
2014-08-11,0.58,17.78,1.06,356.39,66.04
2014-08-18,0.49,16.79,1.14,431.91,83.38
2014-08-25,0.62,16.37,1.1,424.01,41.01
2014-09-01,0.53,16.49,0.99,429.71,57.01
2014-09-08,0.5,17.7,1.13,439.01,56.11
2014-09-15,0.6,18.05,1.11,399.27,63.32
2014-09-22,0.62,16.46,1.2,413.74,60.39
2014-09-29,0.55,17.49,1.0,415.58,46.89
2014-10-06,0.58,18.45,1.13,345.33,84.5
2014-10-13,0.59,16.24,1.1,450.13,52.0
2014-10-20,0.58,16.45,1.07,418.58,42.81
2014-10-27,0.58,17.95,1.12,481.81,63.89
2014-11-03,0.55,18.27,1.03,415.99,48.43
2014-11-10,0.62,18.4,1.12,497.87,49.45
2014-11-17,0.59,17.07,1.14,453.31,55.38
2014-11-24,0.6,18.33,1.06,458.33,47.3
2014-12-01,0.47,17.48,1.13,474.0,36.61
2014-12-08,0.56,14.45,1.17,422.68,75.06
2014-12-15,0.61,16.11,1.04,482.58,49.87
2014-12-22,0.58,16.64,1.0,381.61,62.72
2014-12-29,0.55,16.55,1.13,519.81,56.73
2015-01-05,0.56,17.87,1.03,483.63,66.62
2015-01-12,0.6,14.82,1.06,441.15,61.2
2015-01-19,0.6,19.13,1.07,457.69,73.8
2015-01-26,0.59,18.85,1.11,432.34,44.0
2015-02-02,0.51,18.09,1.16,553.36,70.12
2015-02-09,0.62,16.53,1.04,513.84,65.01
2015-02-16,0.58,17.75,1.12,531.35,75.54
2015-02-23,0.6,18.33,1.13,461.41,69.08
2015-03-02,0.52,18.59,1.04,490.86,49.86
2015-03-09,0.6,17.23,1.02,495.52,53.06
2015-03-16,0.61,17.28,1.12,439.37,52.93
2015-03-23,0.56,18.35,1.19,444.17,72.92
2015-03-30,0.49,15.78,1.05,420.72,41.0
2015-04-06,0.59,17.01,1.12,500.63,63.19
2015-04-13,0.6,17.2,1.04,513.29,52.93
2015-04-20,0.54,17.07,1.05,452.03,64.13
2015-04-27,0.59,16.16,1.07,509.27,65.96
2015-05-04,0.66,18.78,1.16,408.19,69.17
2015-05-11,0.57,16.61,1.11,498.78,66.01
2015-05-18,0.54,18.24,1.07,466.79,56.36
2015-05-25,0.57,18.27,1.05,533.01,38.15
2015-06-01,0.55,17.77,1.13,448.21,59.31
2015-06-08,0.59,17.02,1.17,482.8,70.47
2015-06-15,0.54,17.21,1.09,406.02,64.32
2015-06-22,0.55,18.14,1.05,512.05,49.24
2015-06-29,0.59,18.32,1.07,474.5,45.25
2015-07-06,0.64,17.34,1.07,425.64,69.71
2015-07-13,0.55,16.38,1.09,387.87,81.85
2015-07-20,0.55,18.37,1.11,393.05,59.93
2015-07-27,0.61,17.09,1.17,470.95,71.03
2015-08-03,0.56,15.97,1.07,435.8,66.55
2015-08-10,0.49,17.33,1.11,414.93,75.5
2015-08-17,0.6,18.99,1.09,461.85,79.62
2015-08-24,0.63,15.96,1.09,409.12,65.87
2015-08-31,0.61,16.29,1.11,340.97,77.3
2015-09-07,0.56,17.42,1.09,466.74,25.95
2015-09-14,0.58,17.22,1.08,489.36,49.35
2015-09-21,0.61,17.8,1.17,393.34,51.2
2015-09-28,0.62,17.89,1.02,398.47,64.64
2015-10-05,0.61,16.5,0.95,441.29,45.36
2015-10-12,0.49,13.79,1.15,426.11,57.29
2015-10-19,0.64,18.17,1.19,366.16,59.59
2015-10-26,0.51,17.08,1.09,448.11,60.55
2015-11-02,0.61,18.26,1.22,411.89,48.71
2015-11-09,0.59,16.36,1.18,414.88,53.21
2015-11-16,0.56,18.28,1.1,402.48,79.98
2015-11-23,0.54,17.42,1.14,365.06,65.76
2015-11-30,0.53,18.42,1.06,460.38,73.27
2015-12-07,0.62,17.7,1.09,412.14,77.65
2015-12-14,0.55,16.08,1.14,406.03,48.6
2015-12-21,0.52,16.78,1.1,450.4,71.42
2015-12-28,0.6,17.15,1.1,463.98,75.27
2016-01-04,0.59,16.8,1.05,388.72,68.0
2016-01-11,0.6,18.13,1.1,505.8,54.19
2016-01-18,0.62,17.35,1.08,476.22,64.92
2016-01-25,0.6,17.51,1.11,551.03,74.21
2016-02-01,0.61,17.55,1.16,479.13,60.31
2016-02-08,0.57,17.31,0.94,469.67,54.14
2016-02-15,0.65,17.44,1.05,461.97,47.45
2016-02-22,0.6,17.78,1.16,434.91,60.41
2016-02-29,0.52,18.31,1.14,488.79,60.02
2016-03-07,0.6,19.45,1.09,476.73,46.97
2016-03-14,0.54,17.55,1.17,462.95,57.17
2016-03-21,0.56,16.75,1.12,415.09,75.37
2016-03-28,0.55,18.35,1.04,503.27,68.06
2016-04-04,0.6,16.17,1.12,430.46,56.97
2016-04-11,0.62,18.45,1.11,439.78,67.75
2016-04-18,0.58,14.5,1.15,478.51,74.43
2016-04-25,0.54,13.41,1.12,491.55,39.71
2016-05-02,0.54,20.94,1.09,509.24,52.19
2016-05-09,0.49,17.23,1.1,463.81,58.62
2016-05-16,0.59,17.26,1.04,498.77,36.61
2016-05-23,0.5,18.39,1.14,476.24,43.25
2016-05-30,0.55,17.12,1.03,447.91,67.83
2016-06-06,0.64,16.93,1.15,399.57,67.91
2016-06-13,0.55,17.85,1.1,527.35,49.51
2016-06-20,0.61,17.11,1.1,465.33,49.85
2016-06-27,0.58,17.39,1.12,473.99,69.58
2016-07-04,0.62,16.14,1.16,420.88,67.05
2016-07-11,0.61,15.04,1.12,447.13,50.89
2016-07-18,0.64,16.64,1.07,466.28,68.23
2016-07-25,0.58,18.96,1.14,373.37,53.65
2016-08-01,0.56,18.09,0.97,559.6,66.37
2016-08-08,0.59,18.99,1.24,489.54,71.39
2016-08-15,0.59,17.31,1.09,418.68,51.76
2016-08-22,0.53,17.39,1.02,456.36,59.56
2016-08-29,0.59,16.83,1.28,500.14,45.07
2016-09-05,0.59,16.72,1.06,389.19,65.19
2016-09-12,0.55,18.73,1.17,494.88,49.77
2016-09-19,0.6,18.31,1.09,406.28,79.31
2016-09-26,0.59,18.31,1.07,385.74,53.17
2016-10-03,0.58,16.15,1.11,364.48,46.56
2016-10-10,0.61,18.28,1.09,389.01,47.67
2016-10-17,0.57,18.33,1.16,407.75,46.16
2016-10-24,0.6,16.47,1.09,478.74,69.93
2016-10-31,0.59,15.9,1.13,466.6,55.49
2016-11-07,0.64,19.17,1.2,434.92,67.05
2016-11-14,0.64,18.09,1.09,403.66,62.86
2016-11-21,0.53,17.34,1.17,333.13,78.41
2016-11-28,0.63,16.94,1.14,420.37,74.76
2016-12-05,0.63,15.75,1.15,411.79,60.99
2016-12-12,0.55,19.77,1.17,390.49,43.98
2016-12-19,0.57,18.09,1.13,470.57,69.48
2016-12-26,0.63,17.96,1.04,413.27,72.72
2017-01-02,0.58,18.19,1.1,380.86,58.52
2017-01-09,0.6,16.71,1.1,385.7,73.43
2017-01-16,0.57,19.4,1.2,421.53,47.9
2017-01-23,0.5,15.67,1.04,481.66,61.39
2017-01-30,0.6,14.72,1.05,463.98,63.44
2017-02-06,0.58,18.28,1.2,421.85,60.83
2017-02-13,0.59,20.62,1.01,460.41,58.62
2017-02-20,0.61,16.72,1.12,464.1,97.35
2017-02-27,0.62,16.48,1.1,420.21,38.45
2017-03-06,0.57,18.51,1.05,483.1,65.85
2017-03-13,0.55,17.39,1.2,473.41,60.11
2017-03-20,0.58,17.67,1.09,362.84,84.51
2017-03-27,0.59,18.09,1.12,420.62,57.77
2017-04-03,0.52,20.49,1.05,411.74,54.72
2017-04-10,0.64,17.6,1.05,506.16,68.77
2017-04-17,0.61,18.5,1.25,546.29,51.76
2017-04-24,0.66,18.08,1.15,394.02,57.96
2017-05-01,0.55,18.65,1.18,381.43,59.74
2017-05-08,0.63,17.36,1.16,481.01,64.1
2017-05-15,0.58,16.04,1.06,497.72,60.23
2017-05-22,0.58,17.06,1.1,513.42,55.98
2017-05-29,0.53,18.56,1.11,474.77,79.29
2017-06-05,0.59,17.98,1.06,466.47,67.31
2017-06-12,0.52,17.87,1.13,478.4,72.45
2017-06-19,0.6,19.51,1.07,483.41,61.01
2017-06-26,0.54,18.84,1.25,478.23,66.06
2017-07-03,0.59,16.7,1.02,451.34,43.3
2017-07-10,0.66,17.47,1.1,515.49,46.54
2017-07-17,0.55,17.71,1.18,500.05,62.98
2017-07-24,0.59,18.14,1.13,438.55,60.55
2017-07-31,0.54,17.73,1.1,580.78,59.52
2017-08-07,0.53,17.46,1.15,545.31,52.93
2017-08-14,0.52,18.68,1.05,459.82,56.91
2017-08-21,0.58,18.52,1.09,464.93,59.83
2017-08-28,0.59,17.77,1.15,507.99,64.71
2017-09-04,0.61,15.61,1.13,491.53,68.75
2017-09-11,0.56,16.8,1.09,491.7,72.41
2017-09-18,0.57,18.82,1.13,462.96,57.46
2017-09-25,0.62,18.07,1.25,431.35,66.22
2017-10-02,0.57,16.54,1.12,468.29,95.02
2017-10-09,0.58,16.21,1.14,377.04,58.9
2017-10-16,0.59,18.68,1.18,437.01,58.19
2017-10-23,0.56,16.22,1.14,403.26,55.02
2017-10-30,0.55,18.37,1.22,399.16,37.76
2017-11-06,0.58,17.69,1.14,430.37,57.59
2017-11-13,0.6,19.01,1.02,430.48,62.57
2017-11-20,0.55,19.9,1.09,440.66,66.67
2017-11-27,0.56,15.3,1.1,480.63,55.96
2017-12-04,0.55,18.87,1.11,416.29,61.79
2017-12-11,0.62,20.75,1.17,480.48,53.93
2017-12-18,0.55,17.77,1.13,388.48,57.9
2017-12-25,0.61,18.15,1.15,440.99,53.92
2018-01-01,0.57,16.15,1.22,427.82,57.3
2018-01-08,0.55,21.47,1.07,408.28,64.99
2018-01-15,0.62,18.93,1.22,444.09,47.33
2018-01-22,0.58,18.1,1.24,366.59,74.43
2018-01-29,0.6,18.78,1.12,387.75,69.01
2018-02-05,0.62,18.96,1.13,396.68,41.29
2018-02-12,0.63,18.26,1.08,398.64,54.4
2018-02-19,0.53,16.66,1.07,403.5,51.14
2018-02-26,0.52,20.32,1.19,388.96,63.27
2018-03-05,0.61,19.25,1.08,464.22,53.43
2018-03-12,0.53,18.66,1.2,524.76,45.6
2018-03-19,0.62,17.2,1.17,363.42,44.85
2018-03-26,0.56,17.83,1.09,449.87,72.32
2018-04-02,0.62,19.82,1.15,376.37,76.36
2018-04-09,0.57,18.91,1.21,445.1,42.05
2018-04-16,0.55,19.44,1.12,432.04,69.11
2018-04-23,0.62,18.1,1.12,418.58,70.29
2018-04-30,0.62,17.41,1.19,428.34,49.78
2018-05-07,0.56,16.48,1.11,485.43,50.34
2018-05-14,0.6,16.9,1.12,378.41,57.35
2018-05-21,0.58,18.45,1.14,393.71,73.01
2018-05-28,0.6,18.01,1.13,423.85,62.61
2018-06-04,0.61,15.5,1.1,437.34,63.07
2018-06-11,0.64,16.76,1.1,430.03,50.38
2018-06-18,0.58,18.76,1.07,470.64,39.58
2018-06-25,0.57,17.34,1.22,445.49,33.59
2018-07-02,0.51,17.81,1.16,474.39,62.01
2018-07-09,0.64,17.07,1.18,396.89,49.14
2018-07-16,0.51,17.42,1.13,469.41,60.74
2018-07-23,0.55,17.53,1.05,521.9,56.36
2018-07-30,0.57,19.83,1.06,424.71,46.85
2018-08-06,0.59,18.34,1.17,574.77,33.01
2018-08-13,0.62,17.06,1.1,449.04,49.09
2018-08-20,0.67,18.88,1.13,529.57,41.85
2018-08-27,0.54,14.97,1.09,483.44,61.23
2018-09-03,0.6,15.97,1.18,487.73,68.8
2018-09-10,0.51,18.2,1.07,463.15,66.41
2018-09-17,0.6,16.7,1.13,418.39,73.8
2018-09-24,0.58,19.25,1.1,459.01,50.83
2018-10-01,0.63,16.89,1.17,464.67,36.29
2018-10-08,0.57,16.28,1.14,432.06,71.11
2018-10-15,0.59,17.58,1.17,517.65,59.76
2018-10-22,0.56,15.52,1.1,453.52,61.28
2018-10-29,0.58,18.71,1.1,474.77,74.21
2018-11-05,0.61,17.74,1.1,450.29,49.79
2018-11-12,0.57,18.8,1.12,419.95,81.22
2018-11-19,0.61,16.0,1.11,476.45,80.46
2018-11-26,0.55,19.09,1.21,444.72,56.67
2018-12-03,0.55,17.57,1.13,493.91,73.08
2018-12-10,0.56,15.28,1.13,476.75,62.99
2018-12-17,0.58,18.0,1.22,477.61,55.52
2018-12-24,0.57,17.62,1.22,452.22,59.76
2018-12-31,0.57,19.27,1.24,474.69,60.99
2019-01-07,0.6,14.75,1.18,459.07,65.14
2019-01-14,0.56,17.35,1.11,491.58,55.45
2019-01-21,0.69,18.41,1.07,442.58,52.18
2019-01-28,0.5,19.93,1.17,466.07,61.98
2019-02-04,0.54,17.23,1.18,399.77,29.62
2019-02-11,0.59,17.67,1.14,468.12,67.65
2019-02-18,0.61,19.42,1.05,456.43,67.52
2019-02-25,0.54,15.91,1.1,407.2,69.04
2019-03-04,0.57,16.75,1.1,475.97,60.16
2019-03-11,0.59,17.73,1.21,399.02,75.79
2019-03-18,0.6,17.66,1.27,384.73,55.76
2019-03-25,0.54,19.11,1.23,491.95,74.69
2019-04-01,0.59,17.4,1.05,505.03,65.63
2019-04-08,0.57,19.61,1.09,438.57,57.93
2019-04-15,0.62,17.8,1.06,424.32,72.59
2019-04-22,0.59,18.9,1.08,419.52,52.51
2019-04-29,0.63,17.93,1.18,463.64,68.3
2019-05-06,0.61,16.59,1.14,398.68,55.87
2019-05-13,0.58,16.62,1.03,393.44,62.32
2019-05-20,0.54,17.92,1.24,461.55,79.72
2019-05-27,0.61,19.42,1.1,395.61,27.13
2019-06-03,0.65,19.91,1.11,412.27,50.95
2019-06-10,0.61,19.37,1.05,440.13,56.68
2019-06-17,0.6,18.51,1.13,421.19,57.43
2019-06-24,0.64,18.46,1.15,376.32,55.46
2019-07-01,0.64,17.97,1.18,499.87,72.46
2019-07-08,0.6,17.25,1.0,424.74,56.09
2019-07-15,0.61,17.72,1.12,362.75,48.72
2019-07-22,0.62,20.16,1.14,449.65,71.43
2019-07-29,0.56,18.41,1.1,473.87,61.82
2019-08-05,0.61,16.91,1.18,525.52,47.91
2019-08-12,0.58,18.24,1.18,422.68,26.0
2019-08-19,0.66,18.93,1.05,423.73,78.82
2019-08-26,0.66,19.16,1.13,454.35,58.43
2019-09-02,0.65,16.8,1.1,494.43,59.47
2019-09-09,0.66,17.07,1.14,420.07,60.09
2019-09-16,0.53,17.31,1.06,487.61,68.6
2019-09-23,0.52,19.69,1.28,464.47,52.31
2019-09-30,0.72,16.23,1.14,472.47,76.14
2019-10-07,0.61,17.31,1.09,454.11,47.92
2019-10-14,0.6,17.22,1.06,520.31,54.03
2019-10-21,0.54,17.74,1.15,402.37,63.98
2019-10-28,0.55,20.2,1.17,458.13,51.06
2019-11-04,0.59,18.77,1.14,467.1,60.7
2019-11-11,0.57,17.52,1.03,516.14,63.59
2019-11-18,0.57,20.46,1.15,436.87,70.28
2019-11-25,0.62,18.49,1.12,497.19,56.86
2019-12-02,0.62,15.49,1.12,548.61,50.8
2019-12-09,0.57,17.4,1.08,391.65,57.23
2019-12-16,0.61,17.92,1.14,481.66,72.27
2019-12-23,0.59,17.24,1.13,502.77,76.94
2019-12-30,0.57,18.12,1.16,439.26,60.25
2020-01-06,0.54,15.68,1.17,462.68,62.43
2020-01-13,0.6,16.72,1.14,427.51,76.69
2020-01-20,0.54,17.74,1.09,498.18,56.02
2020-01-27,0.58,19.12,1.15,494.3,48.22
2020-02-03,0.54,18.15,1.13,496.73,59.04
2020-02-10,0.61,15.88,1.25,462.92,68.37
2020-02-17,0.56,18.41,1.08,485.2,55.73
2020-02-24,0.6,18.93,1.08,437.19,65.49
2020-03-02,0.69,17.84,1.18,457.6,83.31
2020-03-09,0.52,18.14,1.06,358.81,63.57
2020-03-16,0.61,17.65,1.14,580.1,56.9
2020-03-23,0.62,17.17,1.16,443.68,55.07
2020-03-30,0.68,19.57,1.15,358.04,55.67
2020-04-06,0.72,17.73,1.21,504.89,62.63
2020-04-13,0.56,14.84,1.18,411.66,62.11
2020-04-20,0.55,17.69,1.15,452.08,46.62
2020-04-27,0.65,17.26,1.06,434.15,60.41
2020-05-04,0.61,19.83,1.14,431.02,46.76
2020-05-11,0.64,18.29,1.13,357.05,77.33
2020-05-18,0.55,17.27,1.17,382.97,42.08
2020-05-25,0.51,19.0,1.12,545.72,48.07
2020-06-01,0.56,17.31,1.16,407.82,67.35
2020-06-08,0.56,16.24,1.05,335.93,53.78
2020-06-15,0.59,17.23,1.22,472.48,55.98
2020-06-22,0.52,17.32,1.12,395.83,51.63
2020-06-29,0.57,17.56,1.11,429.48,64.32
2020-07-06,0.56,19.74,1.1,355.76,64.57
2020-07-13,0.57,18.49,1.02,475.79,68.07
2020-07-20,0.54,16.13,1.24,390.51,49.99
2020-07-27,0.5,17.62,1.14,448.84,43.21
2020-08-03,0.54,18.67,1.21,357.89,72.98
2020-08-10,0.6,19.52,1.15,320.65,58.18
2020-08-17,0.65,16.91,1.13,415.59,25.21
2020-08-24,0.68,16.9,1.18,420.53,75.09
2020-08-31,0.62,17.78,1.1,457.53,37.52
2020-09-07,0.63,16.65,1.22,433.94,67.73
2020-09-14,0.61,15.79,1.1,456.48,62.0
2020-09-21,0.66,18.63,1.1,400.03,61.24
2020-09-28,0.5,20.31,1.18,483.43,41.03
2020-10-05,0.66,21.04,1.08,467.84,60.01
2020-10-12,0.54,18.76,1.2,415.71,73.99
2020-10-19,0.53,16.14,1.16,443.63,51.4
2020-10-26,0.64,18.81,1.2,440.63,67.23
2020-11-02,0.58,20.82,1.11,532.75,60.42
2020-11-09,0.54,19.92,1.16,485.58,74.69
2020-11-16,0.62,17.34,1.21,454.55,68.23
2020-11-23,0.51,18.71,1.12,523.59,67.48
2020-11-30,0.61,18.77,1.1,525.25,83.9
2020-12-07,0.62,20.23,1.12,431.2,60.49
2020-12-14,0.62,17.61,1.18,477.97,48.02
2020-12-21,0.63,19.28,1.16,514.29,45.39
2020-12-28,0.63,16.6,1.09,445.24,48.7
2021-01-04,0.58,17.86,1.2,459.72,40.97
2021-01-11,0.65,17.04,1.15,492.29,62.4
2021-01-18,0.65,18.78,1.11,563.19,62.33
2021-01-25,0.6,19.42,1.17,493.37,89.91
2021-02-01,0.59,17.73,1.16,521.34,41.92
2021-02-08,0.52,17.38,1.07,462.29,66.03
2021-02-15,0.57,16.28,1.16,514.29,39.66
2021-02-22,0.64,19.24,1.21,528.73,86.42
2021-03-01,0.59,18.31,1.13,479.98,78.39
2021-03-08,0.55,17.03,1.23,520.31,55.64
2021-03-15,0.64,18.62,1.24,481.81,72.31
2021-03-22,0.72,18.96,1.16,506.75,55.62
2021-03-29,0.71,18.41,1.14,443.17,73.17
2021-04-05,0.64,17.52,1.19,414.74,62.22
2021-04-12,0.63,20.44,1.11,422.18,49.25
2021-04-19,0.55,19.95,1.24,484.12,74.66
2021-04-26,0.61,18.06,1.14,456.69,41.43
2021-05-03,0.62,18.14,1.2,470.44,58.05
2021-05-10,0.57,18.29,1.2,418.39,61.05
2021-05-17,0.62,17.25,1.13,470.64,46.4
2021-05-24,0.62,17.01,1.22,552.1,49.67
2021-05-31,0.63,17.24,1.22,405.06,65.77
2021-06-07,0.57,17.93,1.1,485.6,49.96
2021-06-14,0.63,17.75,1.15,455.62,50.86
2021-06-21,0.62,20.24,1.12,493.59,77.98
2021-06-28,0.57,16.29,1.18,421.86,82.42
2021-07-05,0.61,17.15,1.1,484.45,53.15
2021-07-12,0.61,19.49,1.13,436.21,59.8
2021-07-19,0.64,19.01,1.15,437.91,55.54
2021-07-26,0.54,18.57,1.26,397.47,50.72
2021-08-02,0.57,19.19,1.18,424.11,48.98
2021-08-09,0.61,16.16,1.17,463.14,44.99
2021-08-16,0.54,20.33,1.13,471.76,58.15
2021-08-23,0.6,18.82,1.11,429.9,55.42
2021-08-30,0.55,18.69,1.15,416.85,45.48
2021-09-06,0.68,19.41,1.21,409.72,39.25
2021-09-13,0.69,18.16,1.12,437.69,74.01
2021-09-20,0.61,19.95,1.22,377.33,51.91
2021-09-27,0.65,14.65,1.15,362.82,54.28
2021-10-04,0.6,17.78,1.13,376.14,87.5
2021-10-11,0.69,16.71,1.25,404.31,61.55
2021-10-18,0.61,17.38,1.22,425.89,54.28
2021-10-25,0.55,17.08,1.07,422.2,45.64
2021-11-01,0.6,20.09,1.23,421.55,58.95
2021-11-08,0.69,18.96,1.14,367.21,64.73
2021-11-15,0.65,17.43,1.18,411.38,57.79
2021-11-22,0.5,17.98,1.22,402.57,60.63
2021-11-29,0.58,18.76,1.15,392.38,75.99
2021-12-06,0.65,17.48,1.19,453.78,67.71
2021-12-13,0.53,19.62,1.13,420.47,91.65
2021-12-20,0.62,17.77,1.04,493.03,43.86
2021-12-27,0.57,17.85,1.24,471.16,58.11
2022-01-03,0.62,17.49,1.17,446.04,71.63
2022-01-10,0.65,18.95,1.14,475.73,58.9
2022-01-17,0.56,17.76,1.17,485.45,57.8
2022-01-24,0.56,18.38,1.17,459.48,71.04
2022-01-31,0.66,17.51,1.13,413.41,68.39
2022-02-07,0.67,17.89,1.15,516.62,66.07
2022-02-14,0.63,16.72,1.2,423.63,46.39
2022-02-21,0.59,17.53,1.15,405.9,71.51
2022-02-28,0.66,15.72,1.22,433.72,70.28
2022-03-07,0.61,18.36,1.16,517.07,45.12
2022-03-14,0.64,19.79,1.21,563.83,53.65
2022-03-21,0.65,18.18,1.23,472.59,55.35
2022-03-28,0.67,17.67,1.09,454.04,67.43
2022-04-04,0.67,18.48,1.24,421.96,54.68
2022-04-11,0.6,18.18,1.17,505.24,54.66
2022-04-18,0.62,18.27,1.12,474.09,58.28
2022-04-25,0.6,18.38,1.17,462.09,75.27
2022-05-02,0.56,17.38,1.32,438.32,43.75
2022-05-09,0.64,15.57,1.15,565.83,41.46
2022-05-16,0.52,16.35,1.22,524.85,53.85
2022-05-23,0.64,20.2,1.27,469.56,32.38
2022-05-30,0.58,17.78,1.15,471.17,73.43
2022-06-06,0.67,18.12,1.23,491.97,60.77
2022-06-13,0.65,18.45,1.28,418.83,53.82
2022-06-20,0.61,18.95,1.24,473.83,42.93
2022-06-27,0.65,19.37,1.06,472.84,40.92
2022-07-04,0.58,17.16,1.21,475.63,44.57
2022-07-11,0.65,16.45,1.19,436.15,55.61
2022-07-18,0.63,19.07,1.24,462.99,63.68
2022-07-25,0.59,18.62,1.19,459.75,38.35
2022-08-01,0.63,18.86,1.13,409.57,77.71
2022-08-08,0.63,18.07,1.11,425.23,75.63
2022-08-15,0.62,17.65,1.2,422.6,78.01
2022-08-22,0.67,17.76,1.13,347.48,42.22
2022-08-29,0.55,18.57,1.15,395.39,56.63
2022-09-05,0.64,19.1,1.06,441.08,43.4
2022-09-12,0.65,19.44,1.12,412.62,54.46
2022-09-19,0.51,18.85,1.16,479.18,46.82
2022-09-26,0.59,16.38,1.11,390.31,71.95
2022-10-03,0.58,18.57,1.15,384.14,57.98
2022-10-10,0.64,16.79,1.22,398.42,54.2
2022-10-17,0.64,17.52,1.17,417.48,61.55
2022-10-24,0.51,15.96,1.21,469.42,49.07
2022-10-31,0.6,18.81,1.21,344.91,49.37
2022-11-07,0.6,19.36,1.31,415.21,43.12
2022-11-14,0.63,20.19,1.18,386.65,71.5
2022-11-21,0.64,17.05,1.19,461.65,74.18
2022-11-28,0.61,17.95,1.24,372.48,65.26
2022-12-05,0.55,19.86,1.16,471.05,65.9
2022-12-12,0.56,20.34,1.26,455.32,50.86
2022-12-19,0.6,18.63,1.13,487.74,61.73
2022-12-26,0.49,18.89,1.15,417.37,55.58
2023-01-02,0.65,19.94,1.19,407.4,59.5
2023-01-09,0.62,17.37,1.21,440.28,78.49
2023-01-16,0.67,17.53,1.22,385.02,68.35
2023-01-23,0.59,17.08,1.19,317.53,38.99
2023-01-30,0.61,18.56,1.15,363.04,50.19
2023-02-06,0.63,19.24,1.17,474.44,64.77
2023-02-13,0.58,18.08,1.1,426.01,73.35
2023-02-20,0.65,20.34,1.16,486.53,57.68
2023-02-27,0.68,18.43,1.21,494.23,57.68
2023-03-06,0.63,20.2,1.17,385.07,85.72
2023-03-13,0.59,18.68,1.24,416.36,47.91
2023-03-20,0.63,16.06,1.16,453.4,56.76
2023-03-27,0.55,20.62,1.18,503.8,56.88
2023-04-03,0.58,18.84,1.16,402.44,77.64
2023-04-10,0.59,16.01,1.25,432.37,52.71
2023-04-17,0.54,20.82,1.1,457.86,70.95
2023-04-24,0.64,18.41,1.08,426.04,62.25
2023-05-01,0.58,18.76,1.21,499.77,45.29
2023-05-08,0.71,19.52,1.18,507.57,88.38
2023-05-15,0.55,18.19,1.04,474.27,64.38
2023-05-22,0.61,17.62,1.06,483.92,77.47
2023-05-29,0.59,19.09,1.09,489.49,55.28
2023-06-05,0.58,17.48,1.16,488.51,44.25
2023-06-12,0.6,18.45,1.12,546.86,49.76
2023-06-19,0.59,17.19,1.28,498.64,48.76
2023-06-26,0.67,18.78,1.19,464.02,51.01
2023-07-03,0.63,17.78,1.28,428.01,78.43
2023-07-10,0.61,18.92,1.23,454.27,70.37
2023-07-17,0.5,17.55,1.13,429.75,57.42
2023-07-24,0.63,19.47,1.19,453.37,64.43
2023-07-31,0.62,19.79,1.22,481.02,49.23
2023-08-07,0.59,17.79,1.16,490.04,68.58
2023-08-14,0.62,18.55,1.19,457.9,48.9
2023-08-21,0.54,17.6,1.21,449.35,57.15
2023-08-28,0.64,19.24,1.12,516.0,73.53
2023-09-04,0.57,17.43,1.25,468.64,33.36
2023-09-11,0.56,18.21,1.11,456.13,60.39
2023-09-18,0.68,18.15,1.24,527.74,77.21
2023-09-25,0.63,15.9,1.21,510.25,59.03
2023-10-02,0.7,19.71,1.21,509.31,64.0
2023-10-09,0.51,17.88,1.25,430.92,57.32
2023-10-16,0.57,20.96,1.28,425.12,61.77
2023-10-23,0.59,19.39,1.21,490.08,63.98
2023-10-30,0.75,17.18,1.09,438.96,41.18
2023-11-06,0.55,17.21,1.13,413.51,66.22
2023-11-13,0.6,18.33,1.23,418.05,56.83
2023-11-20,0.64,15.95,1.05,459.56,65.9
2023-11-27,0.71,18.79,1.23,434.95,63.57
2023-12-04,0.69,15.71,1.21,525.32,63.38
2023-12-11,0.69,17.73,1.18,438.47,33.39
2023-12-18,0.57,17.1,1.23,469.38,63.89
2023-12-25,0.66,18.36,1.25,432.35,60.69
2024-01-01,0.61,19.51,1.16,468.75,46.41
2024-01-08,0.57,19.52,1.18,409.44,70.68
2024-01-15,0.59,18.32,1.26,487.28,78.87
2024-01-22,0.61,20.26,1.13,387.8,31.79
2024-01-29,0.7,17.43,1.18,386.29,68.34
2024-02-05,0.6,16.84,1.21,364.24,49.95
2024-02-12,0.53,16.68,1.19,342.19,42.23
2024-02-19,0.62,17.87,1.3,493.6,49.58
2024-02-26,0.65,19.63,1.15,360.19,59.85
2024-03-04,0.61,18.02,1.21,390.05,46.18
2024-03-11,0.63,19.14,1.12,457.57,38.75
2024-03-18,0.59,18.27,1.15,398.51,82.45
2024-03-25,0.58,21.93,1.21,425.74,65.71
2024-04-01,0.74,17.28,1.12,393.09,60.39
2024-04-08,0.54,18.66,1.28,430.84,56.49
2024-04-15,0.59,19.85,1.14,500.39,83.2
2024-04-22,0.63,18.62,1.24,472.31,50.33
2024-04-29,0.6,16.85,1.21,457.38,43.8
2024-05-06,0.6,16.81,1.14,455.15,51.2
2024-05-13,0.61,16.44,1.2,433.89,51.25
2024-05-20,0.61,18.89,1.14,379.32,81.67
2024-05-27,0.59,18.52,1.24,582.35,45.07
2024-06-03,0.64,17.69,1.16,415.28,46.49
2024-06-10,0.62,16.65,1.24,449.26,65.07
2024-06-17,0.6,18.16,1.2,403.49,55.7
2024-06-24,0.58,17.45,1.07,506.62,51.76
2024-07-01,0.67,20.11,1.11,412.48,90.73
2024-07-08,0.7,18.62,1.2,433.68,65.19
2024-07-15,0.59,15.91,1.11,462.58,46.43
2024-07-22,0.62,17.21,1.14,498.56,62.97
2024-07-29,0.62,19.87,1.22,524.85,54.48
2024-08-05,0.6,16.91,1.16,507.96,75.6
2024-08-12,0.67,16.24,1.25,398.02,70.78
2024-08-19,0.61,19.64,1.11,520.38,42.42
2024-08-26,0.59,17.33,1.09,479.05,81.67
2024-09-02,0.74,18.82,1.25,486.04,65.99
2024-09-09,0.61,18.96,1.22,454.84,59.07
2024-09-16,0.62,19.82,1.13,476.86,82.94
2024-09-23,0.68,20.53,1.19,492.41,72.03
2024-09-30,0.69,16.05,1.12,532.31,56.68
2024-10-07,0.59,17.0,1.16,423.89,85.09
2024-10-14,0.62,18.63,1.22,518.24,71.35
2024-10-21,0.67,17.85,1.17,509.96,53.67
2024-10-28,0.62,19.25,1.24,407.26,68.58
2024-11-04,0.61,19.68,1.23,541.57,76.24
2024-11-11,0.69,20.68,1.21,477.16,70.47
2024-11-18,0.66,18.3,1.21,472.82,49.75
2024-11-25,0.68,18.8,1.31,407.32,53.32
2024-12-02,0.63,20.28,1.21,482.64,46.47
2024-12-09,0.57,19.17,1.11,446.64,66.01
2024-12-16,0.58,20.92,1.26,402.56,48.81
2024-12-23,0.52,17.67,1.24,446.22,65.53
2024-12-30,0.56,19.82,1.16,460.49,58.89
2025-01-06,0.57,17.17,1.25,473.09,72.6
2025-01-13,0.64,18.94,1.09,443.37,59.67
2025-01-20,0.71,19.68,1.28,475.1,51.46
2025-01-27,0.63,19.07,1.14,432.82,57.53
2025-02-03,0.7,15.91,1.26,407.74,43.54
2025-02-10,0.68,19.75,1.26,474.31,84.72
2025-02-17,0.65,18.54,1.21,489.17,50.65
2025-02-24,0.6,18.34,1.07,442.2,37.37
2025-03-03,0.63,19.94,1.17,501.14,42.47
2025-03-10,0.68,19.69,1.1,540.03,59.24
2025-03-17,0.59,16.85,1.18,424.23,61.23
2025-03-24,0.61,19.64,1.17,349.86,58.21
2025-03-31,0.52,19.26,1.14,431.96,75.77
2025-04-07,0.58,20.23,1.17,493.95,55.62
2025-04-14,0.59,19.72,1.17,388.84,54.27
2025-04-21,0.62,20.62,1.09,422.36,67.5
2025-04-28,0.64,20.58,1.19,413.28,67.11
2025-05-05,0.63,18.26,1.23,394.08,52.67
2025-05-12,0.6,20.64,1.01,435.83,60.41
2025-05-19,0.55,19.22,1.22,443.71,28.18
2025-05-26,0.69,17.79,1.24,450.18,49.48
2025-06-02,0.66,18.27,1.08,467.96,50.7
2025-06-09,0.59,18.25,1.21,419.95,66.58
2025-06-16,0.57,17.79,1.19,499.44,58.63
2025-06-23,0.68,18.86,1.17,415.19,57.98
2025-06-30,0.65,20.69,1.22,474.33,48.42
2025-07-07,0.61,17.82,1.22,414.51,68.76
2025-07-14,0.58,18.88,1.24,348.49,85.46
2025-07-21,0.61,16.05,1.21,434.86,59.02
2025-07-28,0.67,19.85,1.21,454.12,58.75
2025-08-04,0.71,16.8,1.21,441.43,69.76
2025-08-11,0.59,16.44,1.21,452.92,77.88
2025-08-18,0.57,20.41,1.33,429.48,44.51
2025-08-25,0.61,18.85,1.23,423.9,78.66
2025-09-01,0.58,16.45,1.26,359.57,57.55
2025-09-08,0.77,18.82,1.13,451.25,59.39
2025-09-15,0.64,19.75,1.14,524.01,62.94
2025-09-22,0.66,17.99,1.27,449.11,63.33
2025-09-29,0.59,17.48,1.24,444.45,49.75
2025-10-06,0.6,19.81,1.16,460.16,60.18
2025-10-13,0.54,16.84,1.22,437.92,72.68
2025-10-20,0.67,19.84,1.3,466.43,67.79
2025-10-27,0.6,22.22,1.31,472.38,64.64
2025-11-03,0.69,18.66,1.16,508.8,60.94
2025-11-10,0.64,17.72,1.1,484.99,70.86
2025-11-17,0.62,20.84,1.16,434.8,59.19
2025-11-24,0.63,19.93,1.16,532.88,83.6
2025-12-01,0.63,20.59,1.14,522.06,72.57
2025-12-08,0.67,18.86,1.03,453.98,52.49
2025-12-15,0.58,19.05,1.18,446.97,47.29
2025-12-22,0.6,20.42,1.16,459.37,54.52
2025-12-29,0.65,19.51,1.03,520.54,77.24
2026-01-05,0.58,17.55,1.18,448.84,62.69
2026-01-12,0.54,17.36,1.29,441.08,74.92
2026-01-19,0.65,16.41,1.24,472.34,54.53
2026-01-26,0.64,19.55,1.24,522.74,64.9
2026-02-02,0.57,18.25,1.37,502.9,88.43
2026-02-09,0.69,19.24,1.22,470.53,39.15
2026-02-16,0.63,20.57,1.17,486.33,70.22
2026-02-23,0.59,18.29,1.14,434.62,44.55
2026-03-02,0.59,20.86,1.15,470.04,53.97
2026-03-09,0.68,20.72,1.25,474.56,57.23
2026-03-16,0.58,21.59,1.16,486.07,72.71
2026-03-23,0.61,20.35,1.25,525.75,54.37
2026-03-30,0.57,18.23,1.22,456.01,55.28
2026-04-06,0.54,19.57,1.32,469.26,67.31
2026-04-13,0.66,19.48,1.26,463.51,56.25
2026-04-20,0.59,18.59,1.22,432.07,63.77
2026-04-27,0.65,20.08,1.28,444.92,44.31
2026-05-04,0.62,19.0,1.1,494.5,61.71
2026-05-11,0.65,20.82,1.17,459.19,58.68
2026-05-18,0.62,17.88,1.3,418.61,68.39
2026-05-25,0.55,20.57,1.27,435.1,57.28
2026-06-01,0.65,22.1,1.1,460.25,49.06
2026-06-08,0.63,18.61,1.18,426.52,46.39
2026-06-15,0.68,16.48,1.24,412.07,45.95
2026-06-22,0.64,16.81,1.21,366.67,65.54
2026-06-29,0.59,18.34,1.22,391.39,59.3
2026-07-06,0.56,19.83,1.31,532.97,61.09
2026-07-13,0.67,16.51,1.29,451.61,54.19
2026-07-20,0.69,18.62,1.18,439.15,47.24
2026-07-27,0.68,17.52,1.15,383.61,69.11
